"state_alpha2","year","beopct_all","post.t","t","t.post.t"
"AL",1970,0,0,1,0
"AL",1971,1.3333334,0,1,0
"AL",1972,1.3333334,0,1,0
"AL",1973,1.3333334,0,1,0
"AL",1974,2,0,1,0
"AL",1975,10.067114,0,1,0
"AL",1976,10.067114,0,1,0
"AL",1977,10.067114,0,1,0
"AL",1978,10.067114,0,1,0
"AL",1979,10.738256,0,1,0
"AL",1980,10.067114,0,1,0
"AL",1981,10.738256,0,1,0
"AL",1982,10.738256,0,1,0
"AL",1983,13.422818,0,1,0
"AL",1984,16.107382,0,1,0
"AL",1985,16.107382,0,1,0
"AL",1986,16.107382,0,1,0
"AL",1987,16.107382,0,1,0
"AL",1988,16.107382,0,1,0
"AL",1989,15.436241,0,1,0
"AL",1990,15.436241,0,1,0
"AL",1991,16.107382,0,1,0
"AL",1992,16.107382,1,1,1
"AL",1993,15.436241,1,1,1
"AL",1994,15.436241,1,1,1
"AL",1995,24.161074,1,1,1
"AL",1996,24.161074,1,1,1
"AL",1997,24.161074,1,1,1
"AL",1998,24.161074,1,1,1
"AL",1999,24.161074,1,1,1
"AL",2000,24.161074,1,1,1
"AL",2001,24.161074,1,1,1
"AL",2002,24.161074,1,1,1
"AL",2003,24.161074,1,1,1
"AL",2004,24.161074,1,1,1
"AL",2005,22.818792,1,1,1
"AL",2006,24.161074,1,1,1
"AL",2007,23.489933,1,1,1
"AL",2008,24.161074,1,1,1
"AL",2009,24.161074,1,1,1
"AL",2010,24.161074,1,1,1
"AK",1970,0,0,0,0
"AK",1971,3.1746035,0,0,0
"AK",1972,3.1746035,0,0,0
"AK",1973,3.1746035,0,0,0
"AK",1974,3.1746035,0,0,0
"AK",1975,1.5873017,0,0,0
"AK",1976,0,0,0,0
"AK",1977,0,0,0,0
"AK",1978,0,0,0,0
"AK",1979,0,0,0,0
"AK",1980,0,0,0,0
"AK",1981,1.5873017,0,0,0
"AK",1982,0,0,0,0
"AK",1983,1.5873017,0,0,0
"AK",1984,1.5873017,0,0,0
"AK",1985,1.5873017,0,0,0
"AK",1986,1.5873017,0,0,0
"AK",1987,1.5873017,0,0,0
"AK",1988,1.5873017,0,0,0
"AK",1989,1.5873017,0,0,0
"AK",1990,1.5873017,0,0,0
"AK",1991,1.5873017,0,0,0
"AK",1992,1.5873017,1,0,0
"AK",1993,1.5873017,1,0,0
"AK",1994,1.5873017,1,0,0
"AK",1995,1.5873017,1,0,0
"AK",1996,1.5873017,1,0,0
"AK",1997,0,1,0,0
"AK",1998,0,1,0,0
"AK",1999,0,1,0,0
"AK",2000,0,1,0,0
"AK",2001,1.5873017,1,0,0
"AK",2002,1.5873017,1,0,0
"AK",2003,1.5873017,1,0,0
"AK",2004,1.5873017,1,0,0
"AK",2005,1.5873017,1,0,0
"AK",2006,1.5873017,1,0,0
"AK",2007,1.5873017,1,0,0
"AK",2008,1.5873017,1,0,0
"AK",2009,1.5873017,1,0,0
"AK",2010,1.5873017,1,0,0
"AZ",1970,3.125,0,0,0
"AZ",1971,4.166667,0,0,0
"AZ",1972,4.166667,0,0,0
"AZ",1973,2.0833335,0,0,0
"AZ",1974,2.0833335,0,0,0
"AZ",1975,2.0833335,0,0,0
"AZ",1976,2.0833335,0,0,0
"AZ",1977,2.0833335,0,0,0
"AZ",1978,2.0833335,0,0,0
"AZ",1979,2.0833335,0,0,0
"AZ",1980,2.0618556,0,0,0
"AZ",1981,2.0618556,0,0,0
"AZ",1982,2.0618556,0,0,0
"AZ",1983,2.0618556,0,0,0
"AZ",1984,2.0618556,0,0,0
"AZ",1985,2.0618556,0,0,0
"AZ",1986,2.0618556,0,0,0
"AZ",1987,3.0927835,0,0,0
"AZ",1988,3.0927835,0,0,0
"AZ",1989,3.0927835,0,0,0
"AZ",1990,3.0612245,0,0,0
"AZ",1991,4.0816326,0,0,0
"AZ",1992,4.0816326,1,0,0
"AZ",1993,4.0816326,1,0,0
"AZ",1994,4.0816326,1,0,0
"AZ",1995,4.0816326,1,0,0
"AZ",1996,4.0816326,1,0,0
"AZ",1997,4.0816326,1,0,0
"AZ",1998,4.0816326,1,0,0
"AZ",1999,2.0408163,1,0,0
"AZ",2000,2,1,0,0
"AZ",2001,1,1,0,0
"AZ",2002,1,1,0,0
"AZ",2003,1,1,0,0
"AZ",2004,1,1,0,0
"AZ",2005,1,1,0,0
"AZ",2006,1,1,0,0
"AZ",2007,1,1,0,0
"AZ",2008,1,1,0,0
"AZ",2009,2,1,0,0
"AZ",2010,1.980198,1,0,0
"AR",1970,0,0,0,0
"AR",1971,0,0,0,0
"AR",1972,0,0,0,0
"AR",1973,2.8368793,0,0,0
"AR",1974,2.8368793,0,0,0
"AR",1975,2.8368793,0,0,0
"AR",1976,2.8368793,0,0,0
"AR",1977,2.8368793,0,0,0
"AR",1978,2.8368793,0,0,0
"AR",1979,2.8368793,0,0,0
"AR",1980,2.8368793,0,0,0
"AR",1981,3.5460994,0,0,0
"AR",1982,3.5460994,0,0,0
"AR",1983,3.5460994,0,0,0
"AR",1984,3.5460994,0,0,0
"AR",1985,3.5460994,0,0,0
"AR",1986,3.5460994,0,0,0
"AR",1987,3.5460994,0,0,0
"AR",1988,3.5460994,0,0,0
"AR",1989,4.2553191,0,0,0
"AR",1990,4.2553191,0,0,0
"AR",1991,8.5106382,0,0,0
"AR",1992,8.5106382,1,0,0
"AR",1993,9.2198582,1,0,0
"AR",1994,9.2198582,1,0,0
"AR",1995,9.2198582,1,0,0
"AR",1996,9.2198582,1,0,0
"AR",1997,9.2198582,1,0,0
"AR",1998,9.2198582,1,0,0
"AR",1999,10.638298,1,0,0
"AR",2000,10.638298,1,0,0
"AR",2001,10.638298,1,0,0
"AR",2002,10.638298,1,0,0
"AR",2003,11.347517,1,0,0
"AR",2004,11.347517,1,0,0
"AR",2005,10.638298,1,0,0
"AR",2006,10.638298,1,0,0
"AR",2007,10.638298,1,0,0
"AR",2008,10.638298,1,0,0
"AR",2009,9.9290781,1,0,0
"AR",2010,9.9290781,1,0,0
"CA",1970,4.2424245,0,0,0
"CA",1971,4.8484845,0,0,0
"CA",1972,4.8484845,0,0,0
"CA",1973,6.060606,0,0,0
"CA",1974,6.060606,0,0,0
"CA",1975,6.060606,0,0,0
"CA",1976,6.666667,0,0,0
"CA",1977,6.666667,0,0,0
"CA",1978,6.060606,0,0,0
"CA",1979,6.666667,0,0,0
"CA",1980,6.5868268,0,0,0
"CA",1981,7.1856289,0,0,0
"CA",1982,7.1856289,0,0,0
"CA",1983,7.1856289,0,0,0
"CA",1984,7.1856289,0,0,0
"CA",1985,7.1856289,0,0,0
"CA",1986,7.1856289,0,0,0
"CA",1987,7.1856289,0,0,0
"CA",1988,7.1856289,0,0,0
"CA",1989,6.5868268,0,0,0
"CA",1990,6.8965516,0,0,0
"CA",1991,7.4712644,0,0,0
"CA",1992,7.4712644,1,0,0
"CA",1993,7.4712644,1,0,0
"CA",1994,7.4712644,1,0,0
"CA",1995,7.4712644,1,0,0
"CA",1996,6.8965516,1,0,0
"CA",1997,6.3218393,1,0,0
"CA",1998,5.7471266,1,0,0
"CA",1999,5.7471266,1,0,0
"CA",2000,5.7142859,1,0,0
"CA",2001,5.7142859,1,0,0
"CA",2002,5.7142859,1,0,0
"CA",2003,5.7142859,1,0,0
"CA",2004,5.7142859,1,0,0
"CA",2005,5.7142859,1,0,0
"CA",2006,5.7142859,1,0,0
"CA",2007,7.4285717,1,0,0
"CA",2008,6.8571424,1,0,0
"CA",2009,6.8571424,1,0,0
"CA",2010,7.4285717,1,0,0
"CO",1970,2.8037381,0,0,0
"CO",1971,2.8037381,0,0,0
"CO",1972,2.8037381,0,0,0
"CO",1973,3.7383177,0,0,0
"CO",1974,3.7383177,0,0,0
"CO",1975,2.8037381,0,0,0
"CO",1976,2.8037381,0,0,0
"CO",1977,2.8037381,0,0,0
"CO",1978,2.8037381,0,0,0
"CO",1979,2.8037381,0,0,0
"CO",1980,1.8518518,0,0,0
"CO",1981,2.7777779,0,0,0
"CO",1982,2.7777779,0,0,0
"CO",1983,2.7777779,0,0,0
"CO",1984,2.7777779,0,0,0
"CO",1985,2.7777779,0,0,0
"CO",1986,2.7777779,0,0,0
"CO",1987,3.7037036,0,0,0
"CO",1988,3.7037036,0,0,0
"CO",1989,3.7037036,0,0,0
"CO",1990,3.7037036,0,0,0
"CO",1991,3.7037036,0,0,0
"CO",1992,3.7037036,1,0,0
"CO",1993,3.7037036,1,0,0
"CO",1994,3.7037036,1,0,0
"CO",1995,2.7777779,1,0,0
"CO",1996,2.7777779,1,0,0
"CO",1997,2.7777779,1,0,0
"CO",1998,2.7777779,1,0,0
"CO",1999,2.7777779,1,0,0
"CO",2000,2.7522936,1,0,0
"CO",2001,2.7522936,1,0,0
"CO",2002,2.7522936,1,0,0
"CO",2003,4.5871558,1,0,0
"CO",2004,4.5871558,1,0,0
"CO",2005,4.5871558,1,0,0
"CO",2006,4.5871558,1,0,0
"CO",2007,2.7522936,1,0,0
"CO",2008,2.7522936,1,0,0
"CO",2009,1.8348624,1,0,0
"CO",2010,0.91743118,1,0,0
"CT",1970,2.2624435,0,0,0
"CT",1971,2.7149322,0,0,0
"CT",1972,2.7149322,0,0,0
"CT",1973,3.0769231,0,0,0
"CT",1974,3.0769231,0,0,0
"CT",1975,2.5641026,0,0,0
"CT",1976,2.5641026,0,0,0
"CT",1977,3.0769231,0,0,0
"CT",1978,3.0769231,0,0,0
"CT",1979,3.0769231,0,0,0
"CT",1980,3.0769231,0,0,0
"CT",1981,5.1282053,0,0,0
"CT",1982,5.1282053,0,0,0
"CT",1983,5.1282053,0,0,0
"CT",1984,5.1282053,0,0,0
"CT",1985,5.1282053,0,0,0
"CT",1986,5.1282053,0,0,0
"CT",1987,5.1282053,0,0,0
"CT",1988,4.6153846,0,0,0
"CT",1989,4.1025643,0,0,0
"CT",1990,3.5897439,0,0,0
"CT",1991,5.1282053,0,0,0
"CT",1992,6.1538463,1,0,0
"CT",1993,6.666667,1,0,0
"CT",1994,6.666667,1,0,0
"CT",1995,7.1794877,1,0,0
"CT",1996,7.1794877,1,0,0
"CT",1997,7.1794877,1,0,0
"CT",1998,7.1794877,1,0,0
"CT",1999,7.1794877,1,0,0
"CT",2000,7.2164946,1,0,0
"CT",2001,6.7010307,1,0,0
"CT",2002,6.7010307,1,0,0
"CT",2003,6.7010307,1,0,0
"CT",2004,6.7010307,1,0,0
"CT",2005,6.7010307,1,0,0
"CT",2006,6.7010307,1,0,0
"CT",2007,6.7010307,1,0,0
"CT",2008,6.7010307,1,0,0
"CT",2009,7.2164946,1,0,0
"CT",2010,7.2164946,1,0,0
"DE",1970,4.9180326,0,0,0
"DE",1971,4.9180326,0,0,0
"DE",1972,4.9180326,0,0,0
"DE",1973,4.6153846,0,0,0
"DE",1974,4.6153846,0,0,0
"DE",1975,4.6153846,0,0,0
"DE",1976,4.6153846,0,0,0
"DE",1977,4.6153846,0,0,0
"DE",1978,4.6153846,0,0,0
"DE",1979,4.6153846,0,0,0
"DE",1980,4.6153846,0,0,0
"DE",1981,4.6153846,0,0,0
"DE",1982,4.6153846,0,0,0
"DE",1983,4.6153846,0,0,0
"DE",1984,4.6153846,0,0,0
"DE",1985,4.6153846,0,0,0
"DE",1986,4.6153846,0,0,0
"DE",1987,4.6153846,0,0,0
"DE",1988,4.6153846,0,0,0
"DE",1989,4.6153846,0,0,0
"DE",1990,4.6153846,0,0,0
"DE",1991,4.6153846,0,0,0
"DE",1992,4.6153846,1,0,0
"DE",1993,4.6153846,1,0,0
"DE",1994,4.6153846,1,0,0
"DE",1995,4.6153846,1,0,0
"DE",1996,4.6153846,1,0,0
"DE",1997,6.1538463,1,0,0
"DE",1998,6.1538463,1,0,0
"DE",1999,6.1538463,1,0,0
"DE",2000,6.1538463,1,0,0
"DE",2001,6.1538463,1,0,0
"DE",2002,6.1538463,1,0,0
"DE",2003,6.1538463,1,0,0
"DE",2004,6.1538463,1,0,0
"DE",2005,6.1538463,1,0,0
"DE",2006,6.1538463,1,0,0
"DE",2007,7.6923079,1,0,0
"DE",2008,7.6923079,1,0,0
"DE",2009,7.6923079,1,0,0
"DE",2010,7.6923079,1,0,0
"FL",1970,0.54347825,0,1,0
"FL",1971,1.0869565,0,1,0
"FL",1972,1.0869565,0,1,0
"FL",1973,1.6949153,0,1,0
"FL",1974,1.6949153,0,1,0
"FL",1975,1.6949153,0,1,0
"FL",1976,1.6949153,0,1,0
"FL",1977,1.6949153,0,1,0
"FL",1978,1.6949153,0,1,0
"FL",1979,2.259887,0,1,0
"FL",1980,2.2099447,0,1,0
"FL",1981,2.2099447,0,1,0
"FL",1982,2.7624309,0,1,0
"FL",1983,6.6298342,0,1,0
"FL",1984,6.6298342,0,1,0
"FL",1985,6.6298342,0,1,0
"FL",1986,6.6298342,0,1,0
"FL",1987,6.6298342,0,1,0
"FL",1988,6.6298342,0,1,0
"FL",1989,6.0773482,0,1,0
"FL",1990,5.9459457,0,1,0
"FL",1991,7.5675673,0,1,0
"FL",1992,7.5675673,1,1,1
"FL",1993,11.891891,1,1,1
"FL",1994,11.891891,1,1,1
"FL",1995,13.513513,1,1,1
"FL",1996,13.513513,1,1,1
"FL",1997,13.513513,1,1,1
"FL",1998,13.513513,1,1,1
"FL",1999,12.432432,1,1,1
"FL",2000,12.299465,1,1,1
"FL",2001,13.368983,1,1,1
"FL",2002,13.368983,1,1,1
"FL",2003,13.903743,1,1,1
"FL",2004,14.438502,1,1,1
"FL",2005,14.438502,1,1,1
"FL",2006,14.438502,1,1,1
"FL",2007,14.973262,1,1,1
"FL",2008,14.973262,1,1,1
"FL",2009,15.508021,1,1,1
"FL",2010,15.343915,1,1,1
"GA",1970,5.323194,0,1,0
"GA",1971,5.7034221,0,1,0
"GA",1972,5.7034221,0,1,0
"GA",1973,6.8548388,0,1,0
"GA",1974,6.8548388,0,1,0
"GA",1975,8.8709679,0,1,0
"GA",1976,9.2741938,0,1,0
"GA",1977,9.2741938,0,1,0
"GA",1978,9.2741938,0,1,0
"GA",1979,9.2741938,0,1,0
"GA",1980,9.2741938,0,1,0
"GA",1981,9.2741938,0,1,0
"GA",1982,8.8709679,0,1,0
"GA",1983,10.080646,0,1,0
"GA",1984,10.080646,0,1,0
"GA",1985,10.887096,0,1,0
"GA",1986,10.887096,0,1,0
"GA",1987,11.693548,0,1,0
"GA",1988,11.693548,0,1,0
"GA",1989,12.5,0,1,0
"GA",1990,12.4498,0,1,0
"GA",1991,14.45783,0,1,0
"GA",1992,14.859438,1,1,1
"GA",1993,17.269077,1,1,1
"GA",1994,17.269077,1,1,1
"GA",1995,18.072289,1,1,1
"GA",1996,18.072289,1,1,1
"GA",1997,18.875502,1,1,1
"GA",1998,18.875502,1,1,1
"GA",1999,18.473894,1,1,1
"GA",2000,18.326694,1,1,1
"GA",2001,19.920319,1,1,1
"GA",2002,19.920319,1,1,1
"GA",2003,21.115538,1,1,1
"GA",2004,21.115538,1,1,1
"GA",2005,21.513945,1,1,1
"GA",2006,22.310757,1,1,1
"GA",2007,23.904383,1,1,1
"GA",2008,23.904383,1,1,1
"GA",2009,23.505978,1,1,1
"GA",2010,23.015873,1,1,1
"HI",1970,0,0,0,0
"HI",1971,0,0,0,0
"HI",1972,0,0,0,0
"HI",1973,0,0,0,0
"HI",1974,0,0,0,0
"HI",1975,0,0,0,0
"HI",1976,0,0,0,0
"HI",1977,1.25,0,0,0
"HI",1978,1.25,0,0,0
"HI",1979,1.25,0,0,0
"HI",1980,1.25,0,0,0
"HI",1981,1.25,0,0,0
"HI",1982,1.25,0,0,0
"HI",1983,0,0,0,0
"HI",1984,0,0,0,0
"HI",1985,0,0,0,0
"HI",1986,0,0,0,0
"HI",1987,0,0,0,0
"HI",1988,0,0,0,0
"HI",1989,0,0,0,0
"HI",1990,0,0,0,0
"HI",1991,0,0,0,0
"HI",1992,0,1,0,0
"HI",1993,0,1,0,0
"HI",1994,0,1,0,0
"HI",1995,0,1,0,0
"HI",1996,0,1,0,0
"HI",1997,0,1,0,0
"HI",1998,0,1,0,0
"HI",1999,0,1,0,0
"HI",2000,0,1,0,0
"HI",2001,1.25,1,0,0
"HI",2002,1.25,1,0,0
"HI",2003,1.25,1,0,0
"HI",2004,1.25,1,0,0
"HI",2005,1.25,1,0,0
"HI",2006,1.25,1,0,0
"HI",2007,0,1,0,0
"HI",2008,0,1,0,0
"HI",2009,0,1,0,0
"HI",2010,0,1,0,0
"ID",1970,0,0,0,0
"ID",1971,0,0,0,0
"ID",1972,0,0,0,0
"ID",1973,0,0,0,0
"ID",1974,0,0,0,0
"ID",1975,0,0,0,0
"ID",1976,0,0,0,0
"ID",1977,0,0,0,0
"ID",1978,0,0,0,0
"ID",1979,0,0,0,0
"ID",1980,0,0,0,0
"ID",1981,0,0,0,0
"ID",1982,0,0,0,0
"ID",1983,0,0,0,0
"ID",1984,0,0,0,0
"ID",1985,0,0,0,0
"ID",1986,0,0,0,0
"ID",1987,0,0,0,0
"ID",1988,0,0,0,0
"ID",1989,0,0,0,0
"ID",1990,0,0,0,0
"ID",1991,0,0,0,0
"ID",1992,0,1,0,0
"ID",1993,0,1,0,0
"ID",1994,0,1,0,0
"ID",1995,0,1,0,0
"ID",1996,0,1,0,0
"ID",1997,0,1,0,0
"ID",1998,0,1,0,0
"ID",1999,0,1,0,0
"ID",2000,0,1,0,0
"ID",2001,0,1,0,0
"ID",2002,0,1,0,0
"ID",2003,0,1,0,0
"ID",2004,0,1,0,0
"ID",2005,0,1,0,0
"ID",2006,0,1,0,0
"ID",2007,0,1,0,0
"ID",2008,0,1,0,0
"ID",2009,0,1,0,0
"ID",2010,0,1,0,0
"IL",1970,5.7471266,0,0,0
"IL",1971,8.4291191,0,0,0
"IL",1972,8.0459776,0,0,0
"IL",1973,7.6335878,0,0,0
"IL",1974,8.0152664,0,0,0
"IL",1975,8.0152664,0,0,0
"IL",1976,7.6335878,0,0,0
"IL",1977,8.3969469,0,0,0
"IL",1978,8.3969469,0,0,0
"IL",1979,8.7786255,0,0,0
"IL",1980,8.8461542,0,0,0
"IL",1981,9.2307692,0,0,0
"IL",1982,9.2307692,0,0,0
"IL",1983,10.945274,0,0,0
"IL",1984,11.442785,0,0,0
"IL",1985,11.442785,0,0,0
"IL",1986,11.442785,0,0,0
"IL",1987,11.940298,0,0,0
"IL",1988,11.940298,0,0,0
"IL",1989,11.940298,0,0,0
"IL",1990,12.060302,0,0,0
"IL",1991,12.060302,0,0,0
"IL",1992,12.060302,1,0,0
"IL",1993,12.060302,1,0,0
"IL",1994,12.060302,1,0,0
"IL",1995,13.065327,1,0,0
"IL",1996,13.065327,1,0,0
"IL",1997,13.065327,1,0,0
"IL",1998,13.065327,1,0,0
"IL",1999,13.065327,1,0,0
"IL",2000,13.131313,1,0,0
"IL",2001,13.636364,1,0,0
"IL",2002,13.636364,1,0,0
"IL",2003,15.656565,1,0,0
"IL",2004,15.656565,1,0,0
"IL",2005,16.161615,1,0,0
"IL",2006,16.161615,1,0,0
"IL",2007,16.161615,1,0,0
"IL",2008,16.161615,1,0,0
"IL",2009,17.171717,1,0,0
"IL",2010,17.258883,1,0,0
"IN",1970,1.8404908,0,0,0
"IN",1971,1.2269938,0,0,0
"IN",1972,1.2269938,0,0,0
"IN",1973,4.2944784,0,0,0
"IN",1974,4.2944784,0,0,0
"IN",1975,3.6809816,0,0,0
"IN",1976,3.0674846,0,0,0
"IN",1977,3.6809816,0,0,0
"IN",1978,3.6809816,0,0,0
"IN",1979,4.2944784,0,0,0
"IN",1980,4.3209877,0,0,0
"IN",1981,4.3209877,0,0,0
"IN",1982,4.3209877,0,0,0
"IN",1983,5.5555558,0,0,0
"IN",1984,5.5555558,0,0,0
"IN",1985,4.9382715,0,0,0
"IN",1986,4.9382715,0,0,0
"IN",1987,4.9382715,0,0,0
"IN",1988,4.9382715,0,0,0
"IN",1989,4.9382715,0,0,0
"IN",1990,4.3209877,0,0,0
"IN",1991,4.9382715,0,0,0
"IN",1992,4.9382715,1,0,0
"IN",1993,6.790123,1,0,0
"IN",1994,6.790123,1,0,0
"IN",1995,7.4074073,1,0,0
"IN",1996,7.4074073,1,0,0
"IN",1997,8.0246906,1,0,0
"IN",1998,8.6419754,1,0,0
"IN",1999,8.6419754,1,0,0
"IN",2000,8.695652,1,0,0
"IN",2001,8.0745335,1,0,0
"IN",2002,8.0745335,1,0,0
"IN",2003,7.4534163,1,0,0
"IN",2004,8.0745335,1,0,0
"IN",2005,8.0745335,1,0,0
"IN",2006,8.0745335,1,0,0
"IN",2007,8.0745335,1,0,0
"IN",2008,8.0745335,1,0,0
"IN",2009,8.0745335,1,0,0
"IN",2010,8.0745335,1,0,0
"IA",1970,0.51813471,0,0,0
"IA",1971,0.63291138,0,0,0
"IA",1972,0.63291138,0,0,0
"IA",1973,0.63291138,0,0,0
"IA",1974,0.63291138,0,0,0
"IA",1975,1.2658228,0,0,0
"IA",1976,1.2658228,0,0,0
"IA",1977,1.2658228,0,0,0
"IA",1978,1.2658228,0,0,0
"IA",1979,0,0,0,0
"IA",1980,0,0,0,0
"IA",1981,0,0,0,0
"IA",1982,0,0,0,0
"IA",1983,0.63291138,0,0,0
"IA",1984,0.63291138,0,0,0
"IA",1985,0.63291138,0,0,0
"IA",1986,0.63291138,0,0,0
"IA",1987,0.63291138,0,0,0
"IA",1988,0.63291138,0,0,0
"IA",1989,0.63291138,0,0,0
"IA",1990,0.63694268,0,0,0
"IA",1991,0.63694268,0,0,0
"IA",1992,0.63694268,1,0,0
"IA",1993,0.63694268,1,0,0
"IA",1994,0.63694268,1,0,0
"IA",1995,0.63694268,1,0,0
"IA",1996,0.63694268,1,0,0
"IA",1997,0.63694268,1,0,0
"IA",1998,0.63694268,1,0,0
"IA",1999,0.63694268,1,0,0
"IA",2000,0.63694268,1,0,0
"IA",2001,0.63694268,1,0,0
"IA",2002,0.63694268,1,0,0
"IA",2003,1.9108281,1,0,0
"IA",2004,1.9108281,1,0,0
"IA",2005,1.9108281,1,0,0
"IA",2006,1.9108281,1,0,0
"IA",2007,2.5477707,1,0,0
"IA",2008,2.5477707,1,0,0
"IA",2009,3.8216562,1,0,0
"IA",2010,3.846154,1,0,0
"KS",1970,1.7441862,0,0,0
"KS",1971,1.7441862,0,0,0
"KS",1972,1.7441862,0,0,0
"KS",1973,2.9069769,0,0,0
"KS",1974,2.9069769,0,0,0
"KS",1975,3.4883723,0,0,0
"KS",1976,3.4883723,0,0,0
"KS",1977,3.4883723,0,0,0
"KS",1978,3.4883723,0,0,0
"KS",1979,2.9069769,0,0,0
"KS",1980,2.9069769,0,0,0
"KS",1981,2.9069769,0,0,0
"KS",1982,2.9069769,0,0,0
"KS",1983,2.3255813,0,0,0
"KS",1984,2.3255813,0,0,0
"KS",1985,2.3255813,0,0,0
"KS",1986,2.3255813,0,0,0
"KS",1987,2.3255813,0,0,0
"KS",1988,2.3255813,0,0,0
"KS",1989,2.3255813,0,0,0
"KS",1990,2.3391814,0,0,0
"KS",1991,2.3391814,0,0,0
"KS",1992,2.3391814,1,0,0
"KS",1993,3.5087719,1,0,0
"KS",1994,3.5087719,1,0,0
"KS",1995,4.0935674,1,0,0
"KS",1996,4.0935674,1,0,0
"KS",1997,4.0935674,1,0,0
"KS",1998,4.0935674,1,0,0
"KS",1999,4.0935674,1,0,0
"KS",2000,4.0935674,1,0,0
"KS",2001,4.0935674,1,0,0
"KS",2002,4.0935674,1,0,0
"KS",2003,4.0935674,1,0,0
"KS",2004,4.0935674,1,0,0
"KS",2005,4.0935674,1,0,0
"KS",2006,4.0935674,1,0,0
"KS",2007,4.0935674,1,0,0
"KS",2008,4.0935674,1,0,0
"KS",2009,4.0935674,1,0,0
"KS",2010,4.0935674,1,0,0
"KY",1970,2.0408163,0,0,0
"KY",1971,2.0408163,0,0,0
"KY",1972,2.0408163,0,0,0
"KY",1973,2.0408163,0,0,0
"KY",1974,2.0408163,0,0,0
"KY",1975,2.0408163,0,0,0
"KY",1976,2.0408163,0,0,0
"KY",1977,2.0408163,0,0,0
"KY",1978,2.7210884,0,0,0
"KY",1979,2.7210884,0,0,0
"KY",1980,2.7210884,0,0,0
"KY",1981,2.7210884,0,0,0
"KY",1982,2.7210884,0,0,0
"KY",1983,2.7210884,0,0,0
"KY",1984,2.7210884,0,0,0
"KY",1985,1.3605442,0,0,0
"KY",1986,1.3605442,0,0,0
"KY",1987,1.3605442,0,0,0
"KY",1988,1.3605442,0,0,0
"KY",1989,1.3605442,0,0,0
"KY",1990,1.369863,0,0,0
"KY",1991,2.0547945,0,0,0
"KY",1992,2.0547945,1,0,0
"KY",1993,2.7397261,1,0,0
"KY",1994,2.7397261,1,0,0
"KY",1995,3.4246576,1,0,0
"KY",1996,3.4246576,1,0,0
"KY",1997,3.4246576,1,0,0
"KY",1998,3.4246576,1,0,0
"KY",1999,3.4246576,1,0,0
"KY",2000,3.4246576,1,0,0
"KY",2001,3.4246576,1,0,0
"KY",2002,3.4246576,1,0,0
"KY",2003,4.1095891,1,0,0
"KY",2004,4.1095891,1,0,0
"KY",2005,4.1095891,1,0,0
"KY",2006,4.1095891,1,0,0
"KY",2007,4.7945204,1,0,0
"KY",2008,4.7945204,1,0,0
"KY",2009,4.7945204,1,0,0
"KY",2010,4.7945204,1,0,0
"LA",1970,0.64935064,0,1,0
"LA",1971,0.64935064,0,1,0
"LA",1972,5.1948051,0,1,0
"LA",1973,5.1948051,0,1,0
"LA",1974,5.1948051,0,1,0
"LA",1975,5.8441558,0,1,0
"LA",1976,6.4935064,0,1,0
"LA",1977,6.4935064,0,1,0
"LA",1978,6.4935064,0,1,0
"LA",1979,6.4935064,0,1,0
"LA",1980,7.7922077,0,1,0
"LA",1981,7.7922077,0,1,0
"LA",1982,7.7922077,0,1,0
"LA",1983,8.4415588,0,1,0
"LA",1984,8.4415588,0,1,0
"LA",1985,11.688312,0,1,0
"LA",1986,11.688312,0,1,0
"LA",1987,12.337663,0,1,0
"LA",1988,12.337663,0,1,0
"LA",1989,12.987013,0,1,0
"LA",1990,13.071897,0,1,0
"LA",1991,13.071897,0,1,0
"LA",1992,21.568628,1,1,1
"LA",1993,21.568628,1,1,1
"LA",1994,21.568628,1,1,1
"LA",1995,20.915033,1,1,1
"LA",1996,20.915033,1,1,1
"LA",1997,20.915033,1,1,1
"LA",1998,20.915033,1,1,1
"LA",1999,20.915033,1,1,1
"LA",2000,20.915033,1,1,1
"LA",2001,20.915033,1,1,1
"LA",2002,20.915033,1,1,1
"LA",2003,20.915033,1,1,1
"LA",2004,21.568628,1,1,1
"LA",2005,21.568628,1,1,1
"LA",2006,21.568628,1,1,1
"LA",2007,20.261438,1,1,1
"LA",2008,19.607843,1,1,1
"LA",2009,18.954248,1,1,1
"LA",2010,18.421053,1,1,1
"ME",1970,0,0,0,0
"ME",1971,0,0,0,0
"ME",1972,0,0,0,0
"ME",1973,0.53191489,0,0,0
"ME",1974,0.53191489,0,0,0
"ME",1975,0.53191489,0,0,0
"ME",1976,0.53191489,0,0,0
"ME",1977,0.53191489,0,0,0
"ME",1978,0.53191489,0,0,0
"ME",1979,0,0,0,0
"ME",1980,0,0,0,0
"ME",1981,0,0,0,0
"ME",1982,0,0,0,0
"ME",1983,0,0,0,0
"ME",1984,0,0,0,0
"ME",1985,0,0,0,0
"ME",1986,0,0,0,0
"ME",1987,0,0,0,0
"ME",1988,0,0,0,0
"ME",1989,0,0,0,0
"ME",1990,0,0,0,0
"ME",1991,0,0,0,0
"ME",1992,0,1,0,0
"ME",1993,0,1,0,0
"ME",1994,0,1,0,0
"ME",1995,0,1,0,0
"ME",1996,0.52631581,1,0,0
"ME",1997,0.52631581,1,0,0
"ME",1998,0.52631581,1,0,0
"ME",1999,0,1,0,0
"ME",2000,0,1,0,0
"ME",2001,0,1,0,0
"ME",2002,0,1,0,0
"ME",2003,0,1,0,0
"ME",2004,0,1,0,0
"ME",2005,0,1,0,0
"ME",2006,0,1,0,0
"ME",2007,0,1,0,0
"ME",2008,0,1,0,0
"ME",2009,0,1,0,0
"ME",2010,0,1,0,0
"MD",1970,5.6410255,0,0,0
"MD",1971,9.7435904,0,0,0
"MD",1972,9.7435904,0,0,0
"MD",1973,9.7435904,0,0,0
"MD",1974,10.256411,0,0,0
"MD",1975,10.10101,0,0,0
"MD",1976,10.10101,0,0,0
"MD",1977,10.10101,0,0,0
"MD",1978,9.5959597,0,0,0
"MD",1979,10.606061,0,0,0
"MD",1980,10.606061,0,0,0
"MD",1981,10.606061,0,0,0
"MD",1982,11.111112,0,0,0
"MD",1983,12.121212,0,0,0
"MD",1984,12.626262,0,0,0
"MD",1985,12.626262,0,0,0
"MD",1986,12.626262,0,0,0
"MD",1987,14.141414,0,0,0
"MD",1988,13.636364,0,0,0
"MD",1989,14.141414,0,0,0
"MD",1990,14.141414,0,0,0
"MD",1991,16.161615,0,0,0
"MD",1992,16.161615,1,0,0
"MD",1993,16.161615,1,0,0
"MD",1994,16.161615,1,0,0
"MD",1995,18.686869,1,0,0
"MD",1996,18.686869,1,0,0
"MD",1997,18.686869,1,0,0
"MD",1998,18.686869,1,0,0
"MD",1999,20.202021,1,0,0
"MD",2000,20.202021,1,0,0
"MD",2001,20.202021,1,0,0
"MD",2002,20.202021,1,0,0
"MD",2003,22.222223,1,0,0
"MD",2004,22.222223,1,0,0
"MD",2005,22.222223,1,0,0
"MD",2006,22.222223,1,0,0
"MD",2007,22.727274,1,0,0
"MD",2008,23.232323,1,0,0
"MD",2009,23.232323,1,0,0
"MD",2010,23.232323,1,0,0
"MA",1970,1.0204082,0,0,0
"MA",1971,1.3605442,0,0,0
"MA",1972,1.3605442,0,0,0
"MA",1973,2.0408163,0,0,0
"MA",1974,2.0408163,0,0,0
"MA",1975,3.0612245,0,0,0
"MA",1976,3.0612245,0,0,0
"MA",1977,3.4013608,0,0,0
"MA",1978,3.4013608,0,0,0
"MA",1979,2.8037381,0,0,0
"MA",1980,2.8169014,0,0,0
"MA",1981,2.8169014,0,0,0
"MA",1982,2.8169014,0,0,0
"MA",1983,2.8169014,0,0,0
"MA",1984,2.8169014,0,0,0
"MA",1985,2.3474178,0,0,0
"MA",1986,2.8169014,0,0,0
"MA",1987,3.2863848,0,0,0
"MA",1988,2.8169014,0,0,0
"MA",1989,2.8169014,0,0,0
"MA",1990,2.8301888,0,0,0
"MA",1991,2.8301888,0,0,0
"MA",1992,2.8301888,1,0,0
"MA",1993,3.7735848,1,0,0
"MA",1994,3.7735848,1,0,0
"MA",1995,3.7735848,1,0,0
"MA",1996,3.7735848,1,0,0
"MA",1997,3.3018868,1,0,0
"MA",1998,3.3018868,1,0,0
"MA",1999,2.8301888,1,0,0
"MA",2000,2.8301888,1,0,0
"MA",2001,2.8301888,1,0,0
"MA",2002,2.8301888,1,0,0
"MA",2003,2.8301888,1,0,0
"MA",2004,2.8301888,1,0,0
"MA",2005,2.8301888,1,0,0
"MA",2006,3.3018868,1,0,0
"MA",2007,3.3018868,1,0,0
"MA",2008,3.3018868,1,0,0
"MA",2009,2.8301888,1,0,0
"MA",2010,2.8436017,1,0,0
"MI",1970,8.8757401,0,0,0
"MI",1971,10.650887,0,0,0
"MI",1972,10.650887,0,0,0
"MI",1973,10.059172,0,0,0
"MI",1974,8.8757401,0,0,0
"MI",1975,10.059172,0,0,0
"MI",1976,10.059172,0,0,0
"MI",1977,11.242603,0,0,0
"MI",1978,10.650887,0,0,0
"MI",1979,10.059172,0,0,0
"MI",1980,10.119048,0,0,0
"MI",1981,10.119048,0,0,0
"MI",1982,10.119048,0,0,0
"MI",1983,11.309524,0,0,0
"MI",1984,11.309524,0,0,0
"MI",1985,11.309524,0,0,0
"MI",1986,11.309524,0,0,0
"MI",1987,10.714286,0,0,0
"MI",1988,10.119048,0,0,0
"MI",1989,10.714286,0,0,0
"MI",1990,10.843374,0,0,0
"MI",1991,10.240964,0,0,0
"MI",1992,10.240964,1,0,0
"MI",1993,9.6385536,1,0,0
"MI",1994,9.6385536,1,0,0
"MI",1995,10.843374,1,0,0
"MI",1996,10.843374,1,0,0
"MI",1997,11.445783,1,0,0
"MI",1998,11.445783,1,0,0
"MI",1999,13.253013,1,0,0
"MI",2000,13.333334,1,0,0
"MI",2001,15.151516,1,0,0
"MI",2002,15.151516,1,0,0
"MI",2003,12.121212,1,0,0
"MI",2004,12.121212,1,0,0
"MI",2005,13.333334,1,0,0
"MI",2006,12.727272,1,0,0
"MI",2007,12.727272,1,0,0
"MI",2008,12.727272,1,0,0
"MI",2009,14.545454,1,0,0
"MI",2010,14.634146,1,0,0
"MN",1970,0.47169811,0,0,0
"MN",1971,0,0,0,0
"MN",1972,0,0,0,0
"MN",1973,0.94786733,0,0,0
"MN",1974,0.94786733,0,0,0
"MN",1975,0.94786733,0,0,0
"MN",1976,0.94786733,0,0,0
"MN",1977,0.94786733,0,0,0
"MN",1978,0.94786733,0,0,0
"MN",1979,0.47393367,0,0,0
"MN",1980,0.47393367,0,0,0
"MN",1981,0.47393367,0,0,0
"MN",1982,0.47393367,0,0,0
"MN",1983,0.47393367,0,0,0
"MN",1984,0.47393367,0,0,0
"MN",1985,0.47393367,0,0,0
"MN",1986,0.47393367,0,0,0
"MN",1987,0.47393367,0,0,0
"MN",1988,0.47393367,0,0,0
"MN",1989,0.47393367,0,0,0
"MN",1990,0.47393367,0,0,0
"MN",1991,0.47393367,0,0,0
"MN",1992,0.47393367,1,0,0
"MN",1993,0.47393367,1,0,0
"MN",1994,0.47393367,1,0,0
"MN",1995,0.47393367,1,0,0
"MN",1996,0.47393367,1,0,0
"MN",1997,0.47393367,1,0,0
"MN",1998,0.47393367,1,0,0
"MN",1999,0.47393367,1,0,0
"MN",2000,0.47393367,1,0,0
"MN",2001,0.94786733,1,0,0
"MN",2002,0.94786733,1,0,0
"MN",2003,0.94786733,1,0,0
"MN",2004,0.94786733,1,0,0
"MN",2005,0.94786733,1,0,0
"MN",2006,0.94786727,1,0,0
"MN",2007,0.94786733,1,0,0
"MN",2008,0.94786733,1,0,0
"MN",2009,1.4218009,1,0,0
"MN",2010,1.4218009,1,0,0
"MS",1970,0.55248618,0,1,0
"MS",1971,0.55248618,0,1,0
"MS",1972,0.55248618,0,1,0
"MS",1973,0.55248618,0,1,0
"MS",1974,0.55248618,0,1,0
"MS",1975,0.55248618,0,1,0
"MS",1976,2.2099447,0,1,0
"MS",1977,2.2099447,0,1,0
"MS",1978,2.2099447,0,1,0
"MS",1979,3.3149171,0,1,0
"MS",1980,9.3922653,0,1,0
"MS",1981,9.3922653,0,1,0
"MS",1982,9.3922653,0,1,0
"MS",1983,9.3922653,0,1,0
"MS",1984,11.049724,0,1,0
"MS",1985,11.049724,0,1,0
"MS",1986,11.049724,0,1,0
"MS",1987,11.60221,0,1,0
"MS",1988,12.707183,0,1,0
"MS",1989,12.707183,0,1,0
"MS",1990,12.707183,0,1,0
"MS",1991,12.707183,0,1,0
"MS",1992,13.812155,1,1,1
"MS",1993,23.20442,1,1,1
"MS",1994,23.756907,1,1,1
"MS",1995,24.861877,1,1,1
"MS",1996,25.414366,1,1,1
"MS",1997,25.414366,1,1,1
"MS",1998,25.414366,1,1,1
"MS",1999,25.414366,1,1,1
"MS",2000,25.555557,1,1,1
"MS",2001,25.555557,1,1,1
"MS",2002,25.555557,1,1,1
"MS",2003,25.555557,1,1,1
"MS",2004,26.666668,1,1,1
"MS",2005,26.666668,1,1,1
"MS",2006,26.666668,1,1,1
"MS",2007,26.666668,1,1,1
"MS",2008,28.333334,1,1,1
"MS",2009,28.333334,1,1,1
"MS",2010,28.333334,1,1,1
"MO",1970,7.6555023,0,0,0
"MO",1971,7.6555023,0,0,0
"MO",1972,7.6555023,0,0,0
"MO",1973,7.6555023,0,0,0
"MO",1974,7.6555023,0,0,0
"MO",1975,7.6555023,0,0,0
"MO",1976,7.6555023,0,0,0
"MO",1977,7.6555023,0,0,0
"MO",1978,7.6555023,0,0,0
"MO",1979,7.6555023,0,0,0
"MO",1980,7.2115383,0,0,0
"MO",1981,9.1346149,0,0,0
"MO",1982,9.1346149,0,0,0
"MO",1983,8.1730766,0,0,0
"MO",1984,7.6923079,0,0,0
"MO",1985,8.1730766,0,0,0
"MO",1986,8.1730766,0,0,0
"MO",1987,8.1730766,0,0,0
"MO",1988,8.1730766,0,0,0
"MO",1989,8.6538467,0,0,0
"MO",1990,8.6538467,0,0,0
"MO",1991,8.6538467,0,0,0
"MO",1992,8.6538467,1,0,0
"MO",1993,8.6538467,1,0,0
"MO",1994,8.6538467,1,0,0
"MO",1995,7.6923079,1,0,0
"MO",1996,7.6923079,1,0,0
"MO",1997,7.6923079,1,0,0
"MO",1998,8.1730766,1,0,0
"MO",1999,8.1730766,1,0,0
"MO",2000,8.6538467,1,0,0
"MO",2001,9.1346149,1,0,0
"MO",2002,9.1346149,1,0,0
"MO",2003,8.6538467,1,0,0
"MO",2004,8.6538467,1,0,0
"MO",2005,10.576923,1,0,0
"MO",2006,10.576923,1,0,0
"MO",2007,9.6153851,1,0,0
"MO",2008,9.6153851,1,0,0
"MO",2009,10.096153,1,0,0
"MO",2010,10.144927,1,0,0
"MT",1970,0,0,0,0
"MT",1971,0,0,0,0
"MT",1972,0,0,0,0
"MT",1973,0,0,0,0
"MT",1974,0,0,0,0
"MT",1975,0.64935064,0,0,0
"MT",1976,0.64935064,0,0,0
"MT",1977,0.64935064,0,0,0
"MT",1978,0,0,0,0
"MT",1979,0,0,0,0
"MT",1980,0,0,0,0
"MT",1981,0,0,0,0
"MT",1982,0,0,0,0
"MT",1983,0,0,0,0
"MT",1984,0,0,0,0
"MT",1985,0,0,0,0
"MT",1986,0,0,0,0
"MT",1987,0,0,0,0
"MT",1988,0,0,0,0
"MT",1989,0,0,0,0
"MT",1990,0,0,0,0
"MT",1991,0,0,0,0
"MT",1992,0,1,0,0
"MT",1993,0,1,0,0
"MT",1994,0,1,0,0
"MT",1995,0,1,0,0
"MT",1996,0,1,0,0
"MT",1997,0,1,0,0
"MT",1998,0,1,0,0
"MT",1999,0,1,0,0
"MT",2000,0,1,0,0
"MT",2001,0,1,0,0
"MT",2002,0,1,0,0
"MT",2003,0,1,0,0
"MT",2004,0,1,0,0
"MT",2005,0,1,0,0
"MT",2006,0,1,0,0
"MT",2007,0,1,0,0
"MT",2008,0,1,0,0
"MT",2009,0,1,0,0
"MT",2010,0,1,0,0
"NE",1970,0,0,0,0
"NE",1971,1.8518518,0,0,0
"NE",1972,1.8518518,0,0,0
"NE",1973,1.8518518,0,0,0
"NE",1974,1.8518518,0,0,0
"NE",1975,1.8518518,0,0,0
"NE",1976,1.8518518,0,0,0
"NE",1977,3.7037036,0,0,0
"NE",1978,3.7037036,0,0,0
"NE",1979,1.8518518,0,0,0
"NE",1980,1.8518518,0,0,0
"NE",1981,1.8518518,0,0,0
"NE",1982,1.8518518,0,0,0
"NE",1983,1.8518518,0,0,0
"NE",1984,1.8518518,0,0,0
"NE",1985,1.8518518,0,0,0
"NE",1986,1.8518518,0,0,0
"NE",1987,1.8518518,0,0,0
"NE",1988,1.8518518,0,0,0
"NE",1989,1.8518518,0,0,0
"NE",1990,1.8518518,0,0,0
"NE",1991,1.8518518,0,0,0
"NE",1992,1.8518518,1,0,0
"NE",1993,1.8518518,1,0,0
"NE",1994,1.8518518,1,0,0
"NE",1995,1.8518518,1,0,0
"NE",1996,1.8518518,1,0,0
"NE",1997,1.8518518,1,0,0
"NE",1998,1.8518518,1,0,0
"NE",1999,1.8518518,1,0,0
"NE",2000,1.8518518,1,0,0
"NE",2001,1.8518518,1,0,0
"NE",2002,0,1,0,0
"NE",2003,1.8518518,1,0,0
"NE",2004,1.8518518,1,0,0
"NE",2005,1.8518518,1,0,0
"NE",2006,1.8518518,1,0,0
"NE",2007,1.8518518,1,0,0
"NE",2008,1.8518518,1,0,0
"NE",2009,3.7037036,1,0,0
"NE",2010,3.7037036,1,0,0
"NV",1970,1.5873017,0,0,0
"NV",1971,1.5873017,0,0,0
"NV",1972,1.5873017,0,0,0
"NV",1973,4.7619047,0,0,0
"NV",1974,4.7619047,0,0,0
"NV",1975,4.7619047,0,0,0
"NV",1976,4.7619047,0,0,0
"NV",1977,4.7619047,0,0,0
"NV",1978,4.7619047,0,0,0
"NV",1979,4.7619047,0,0,0
"NV",1980,4.6875,0,0,0
"NV",1981,4.6875,0,0,0
"NV",1982,4.6875,0,0,0
"NV",1983,4.477612,0,0,0
"NV",1984,4.477612,0,0,0
"NV",1985,4.477612,0,0,0
"NV",1986,4.477612,0,0,0
"NV",1987,4.477612,0,0,0
"NV",1988,4.477612,0,0,0
"NV",1989,4.477612,0,0,0
"NV",1990,4.477612,0,0,0
"NV",1991,4.477612,0,0,0
"NV",1992,4.477612,1,0,0
"NV",1993,4.477612,1,0,0
"NV",1994,4.477612,1,0,0
"NV",1995,8.955224,1,0,0
"NV",1996,8.955224,1,0,0
"NV",1997,7.4626865,1,0,0
"NV",1998,7.4626865,1,0,0
"NV",1999,7.4626865,1,0,0
"NV",2000,7.3529415,1,0,0
"NV",2001,7.3529415,1,0,0
"NV",2002,19.117647,1,0,0
"NV",2003,10.294118,1,0,0
"NV",2004,10.294118,1,0,0
"NV",2005,10.294118,1,0,0
"NV",2006,10.294118,1,0,0
"NV",2007,10.294118,1,0,0
"NV",2008,10.294118,1,0,0
"NV",2009,10.294118,1,0,0
"NV",2010,10.144927,1,0,0
"NH",1970,0,0,0,0
"NH",1971,0,0,0,0
"NH",1972,0,0,0,0
"NH",1973,0,0,0,0
"NH",1974,0,0,0,0
"NH",1975,0.23364486,0,0,0
"NH",1976,0.23364486,0,0,0
"NH",1977,0.23364486,0,0,0
"NH",1978,0.23364486,0,0,0
"NH",1979,0.23364486,0,0,0
"NH",1980,0.23364486,0,0,0
"NH",1981,0,0,0,0
"NH",1982,0,0,0,0
"NH",1983,0,0,0,0
"NH",1984,0,0,0,0
"NH",1985,0,0,0,0
"NH",1986,0,0,0,0
"NH",1987,0.23364486,0,0,0
"NH",1988,0.23364486,0,0,0
"NH",1989,0.70093453,0,0,0
"NH",1990,0.46728972,0,0,0
"NH",1991,0.46728972,0,0,0
"NH",1992,0.46728972,1,0,0
"NH",1993,0.46728972,1,0,0
"NH",1994,0.46728972,1,0,0
"NH",1995,0.23364486,1,0,0
"NH",1996,0.23364486,1,0,0
"NH",1997,0.46728972,1,0,0
"NH",1998,0.46728972,1,0,0
"NH",1999,0.70093453,1,0,0
"NH",2000,0.70093453,1,0,0
"NH",2001,1.1682243,1,0,0
"NH",2002,2.8037381,1,0,0
"NH",2003,0.93457943,1,0,0
"NH",2004,0.93457943,1,0,0
"NH",2005,0.93457943,1,0,0
"NH",2006,0.93457943,1,0,0
"NH",2007,1.4018691,1,0,0
"NH",2008,1.4018691,1,0,0
"NH",2009,0.93457943,1,0,0
"NH",2010,0.93457943,1,0,0
"NJ",1970,2.919708,0,0,0
"NJ",1971,2.919708,0,0,0
"NJ",1972,3.6496348,0,0,0
"NJ",1973,5.109489,0,0,0
"NJ",1974,5.109489,0,0,0
"NJ",1975,5.109489,0,0,0
"NJ",1976,4.3795619,0,0,0
"NJ",1977,3.6496348,0,0,0
"NJ",1978,3.6496348,0,0,0
"NJ",1979,3.6496348,0,0,0
"NJ",1980,3.6764708,0,0,0
"NJ",1981,3.6764708,0,0,0
"NJ",1982,4.4117646,0,0,0
"NJ",1983,4.4117646,0,0,0
"NJ",1984,5.147059,0,0,0
"NJ",1985,5.147059,0,0,0
"NJ",1986,5.147059,0,0,0
"NJ",1987,5.8823528,0,0,0
"NJ",1988,5.8823528,0,0,0
"NJ",1989,6.6176472,0,0,0
"NJ",1990,6.666667,0,0,0
"NJ",1991,6.666667,0,0,0
"NJ",1992,9.6296291,1,0,0
"NJ",1993,9.6296291,1,0,0
"NJ",1994,10.37037,1,0,0
"NJ",1995,10.37037,1,0,0
"NJ",1996,10.37037,1,0,0
"NJ",1997,10.37037,1,0,0
"NJ",1998,11.851851,1,0,0
"NJ",1999,11.851851,1,0,0
"NJ",2000,11.851851,1,0,0
"NJ",2001,11.851851,1,0,0
"NJ",2002,8.1481476,1,0,0
"NJ",2003,13.333334,1,0,0
"NJ",2004,12.592593,1,0,0
"NJ",2005,11.851851,1,0,0
"NJ",2006,12.592593,1,0,0
"NJ",2007,12.592593,1,0,0
"NJ",2008,11.851851,1,0,0
"NJ",2009,11.851851,1,0,0
"NJ",2010,11.940298,1,0,0
"NM",1970,0.86206895,0,0,0
"NM",1971,0.86206895,0,0,0
"NM",1972,0.86206895,0,0,0
"NM",1973,0.86206895,0,0,0
"NM",1974,0.86206895,0,0,0
"NM",1975,0.86206895,0,0,0
"NM",1976,0.86206895,0,0,0
"NM",1977,0.86206895,0,0,0
"NM",1978,0.86206895,0,0,0
"NM",1979,0,0,0,0
"NM",1980,0,0,0,0
"NM",1981,0,0,0,0
"NM",1982,0,0,0,0
"NM",1983,0,0,0,0
"NM",1984,0,0,0,0
"NM",1985,0,0,0,0
"NM",1986,0,0,0,0
"NM",1987,0,0,0,0
"NM",1988,0,0,0,0
"NM",1989,0,0,0,0
"NM",1990,0,0,0,0
"NM",1991,0,0,0,0
"NM",1992,0,1,0,0
"NM",1993,0,1,0,0
"NM",1994,0,1,0,0
"NM",1995,1.7094018,1,0,0
"NM",1996,1.7094018,1,0,0
"NM",1997,1.7094018,1,0,0
"NM",1998,1.7094018,1,0,0
"NM",1999,0.85470092,1,0,0
"NM",2000,0.85470092,1,0,0
"NM",2001,0.85470092,1,0,0
"NM",2002,3.4188037,1,0,0
"NM",2003,1.7094018,1,0,0
"NM",2004,1.7094018,1,0,0
"NM",2005,1.7094018,1,0,0
"NM",2006,1.7094018,1,0,0
"NM",2007,1.7094018,1,0,0
"NM",2008,1.7094018,1,0,0
"NM",2009,1.7094018,1,0,0
"NM",2010,1.7094018,1,0,0
"NY",1970,5.6451612,0,1,0
"NY",1971,5.6451612,0,1,0
"NY",1972,5.6451612,0,1,0
"NY",1973,6.7729087,0,1,0
"NY",1974,6.3745022,0,1,0
"NY",1975,6.3745022,0,1,0
"NY",1976,6.3745022,0,1,0
"NY",1977,6.3745022,0,1,0
"NY",1978,6.3745022,0,1,0
"NY",1979,7.1713152,0,1,0
"NY",1980,7.3170729,0,1,0
"NY",1981,6.9105692,0,1,0
"NY",1982,7.3170729,0,1,0
"NY",1983,8.9068823,0,1,0
"NY",1984,8.9068823,0,1,0
"NY",1985,9.3117409,0,1,0
"NY",1986,9.3117409,0,1,0
"NY",1987,9.7165995,0,1,0
"NY",1988,9.7165995,0,1,0
"NY",1989,10.121457,0,1,0
"NY",1990,10.245901,0,1,0
"NY",1991,10.655738,0,1,0
"NY",1992,11.065574,1,1,1
"NY",1993,12.295082,1,1,1
"NY",1994,12.295082,1,1,1
"NY",1995,12.601625,1,1,1
"NY",1996,12.601625,1,1,1
"NY",1997,12.601625,1,1,1
"NY",1998,12.601625,1,1,1
"NY",1999,12.601625,1,1,1
"NY",2000,12.704918,1,1,1
"NY",2001,13.52459,1,1,1
"NY",2002,11.065574,1,1,1
"NY",2003,14.344261,1,1,1
"NY",2004,14.344261,1,1,1
"NY",2005,14.344261,1,1,1
"NY",2006,13.934426,1,1,1
"NY",2007,15.163935,1,1,1
"NY",2008,15.163935,1,1,1
"NY",2009,14.754099,1,1,1
"NY",2010,14.876034,1,1,1
"NC",1970,0.54644805,0,1,0
"NC",1971,1.0928961,0,1,0
"NC",1972,1.0928961,0,1,0
"NC",1973,1.6393442,0,1,0
"NC",1974,1.6393442,0,1,0
"NC",1975,3.2786884,0,1,0
"NC",1976,3.2786884,0,1,0
"NC",1977,3.2786884,0,1,0
"NC",1978,3.2786884,0,1,0
"NC",1979,2.1857922,0,1,0
"NC",1980,2.7322404,0,1,0
"NC",1981,1.6393442,0,1,0
"NC",1982,2.1857922,0,1,0
"NC",1983,6.5573769,0,1,0
"NC",1984,6.5573769,0,1,0
"NC",1985,8.7431688,0,1,0
"NC",1986,8.7431688,0,1,0
"NC",1987,8.7431688,0,1,0
"NC",1988,8.7431688,0,1,0
"NC",1989,8.1967211,0,1,0
"NC",1990,9.23913,0,1,0
"NC",1991,10.326087,0,1,0
"NC",1992,10.326087,1,1,1
"NC",1993,14.673912,1,1,1
"NC",1994,14.673912,1,1,1
"NC",1995,14.130434,1,1,1
"NC",1996,14.130434,1,1,1
"NC",1997,14.130434,1,1,1
"NC",1998,14.130434,1,1,1
"NC",1999,14.130434,1,1,1
"NC",2000,14.054054,1,1,1
"NC",2001,14.594595,1,1,1
"NC",2002,9.7297297,1,1,1
"NC",2003,14.054054,1,1,1
"NC",2004,14.054054,1,1,1
"NC",2005,15.135135,1,1,1
"NC",2006,15.135135,1,1,1
"NC",2007,15.675676,1,1,1
"NC",2008,15.675676,1,1,1
"NC",2009,16.756756,1,1,1
"NC",2010,16.756756,1,1,1
"ND",1970,0,0,0,0
"ND",1971,0,0,0,0
"ND",1972,0,0,0,0
"ND",1973,0,0,0,0
"ND",1974,0,0,0,0
"ND",1975,0,0,0,0
"ND",1976,0,0,0,0
"ND",1977,0,0,0,0
"ND",1978,0,0,0,0
"ND",1979,0,0,0,0
"ND",1980,0,0,0,0
"ND",1981,0,0,0,0
"ND",1982,0,0,0,0
"ND",1983,0,0,0,0
"ND",1984,0,0,0,0
"ND",1985,0,0,0,0
"ND",1986,0,0,0,0
"ND",1987,0,0,0,0
"ND",1988,0,0,0,0
"ND",1989,0,0,0,0
"ND",1990,0,0,0,0
"ND",1991,0,0,0,0
"ND",1992,0,1,0,0
"ND",1993,0,1,0,0
"ND",1994,0,1,0,0
"ND",1995,0,1,0,0
"ND",1996,0,1,0,0
"ND",1997,0,1,0,0
"ND",1998,0,1,0,0
"ND",1999,0,1,0,0
"ND",2000,0,1,0,0
"ND",2001,0,1,0,0
"ND",2002,0.69444448,1,0,0
"ND",2003,0,1,0,0
"ND",2004,0,1,0,0
"ND",2005,0,1,0,0
"ND",2006,0,1,0,0
"ND",2007,0,1,0,0
"ND",2008,0,1,0,0
"ND",2009,0,1,0,0
"ND",2010,0,1,0,0
"OH",1970,8.9171972,0,0,0
"OH",1971,8.2802553,0,0,0
"OH",1972,8.2802553,0,0,0
"OH",1973,7.6433125,0,0,0
"OH",1974,7.6433125,0,0,0
"OH",1975,7.6433125,0,0,0
"OH",1976,7.6433125,0,0,0
"OH",1977,8.2802553,0,0,0
"OH",1978,8.2802553,0,0,0
"OH",1979,8.2802553,0,0,0
"OH",1980,8.3870974,0,0,0
"OH",1981,8.3870974,0,0,0
"OH",1982,8.3870974,0,0,0
"OH",1983,8.3870974,0,0,0
"OH",1984,8.3870974,0,0,0
"OH",1985,8.3870974,0,0,0
"OH",1986,8.3870974,0,0,0
"OH",1987,9.032258,0,0,0
"OH",1988,9.032258,0,0,0
"OH",1989,9.032258,0,0,0
"OH",1990,9.1503267,0,0,0
"OH",1991,9.1503267,0,0,0
"OH",1992,9.8039217,1,0,0
"OH",1993,10.457517,1,0,0
"OH",1994,10.457517,1,0,0
"OH",1995,11.111112,1,0,0
"OH",1996,11.111112,1,0,0
"OH",1997,12.418301,1,0,0
"OH",1998,12.418301,1,0,0
"OH",1999,11.764706,1,0,0
"OH",2000,11.842106,1,0,0
"OH",2001,13.157895,1,0,0
"OH",2002,11.842106,1,0,0
"OH",2003,12.5,1,0,0
"OH",2004,12.5,1,0,0
"OH",2005,12.5,1,0,0
"OH",2006,12.5,1,0,0
"OH",2007,11.842106,1,0,0
"OH",2008,11.842106,1,0,0
"OH",2009,11.842106,1,0,0
"OH",2010,12,1,0,0
"OK",1970,3.2258062,0,0,0
"OK",1971,3.2258062,0,0,0
"OK",1972,3.8709679,0,0,0
"OK",1973,2.5477707,0,0,0
"OK",1974,2.5477707,0,0,0
"OK",1975,2.5477707,0,0,0
"OK",1976,2.5477707,0,0,0
"OK",1977,2.5477707,0,0,0
"OK",1978,2.5477707,0,0,0
"OK",1979,2.5477707,0,0,0
"OK",1980,2.5477707,0,0,0
"OK",1981,2.5477707,0,0,0
"OK",1982,2.5477707,0,0,0
"OK",1983,3.8216562,0,0,0
"OK",1984,3.1847134,0,0,0
"OK",1985,3.1847134,0,0,0
"OK",1986,3.1847134,0,0,0
"OK",1987,3.1847134,0,0,0
"OK",1988,3.1847134,0,0,0
"OK",1989,3.1847134,0,0,0
"OK",1990,3.1847134,0,0,0
"OK",1991,3.1847134,0,0,0
"OK",1992,3.1847134,1,0,0
"OK",1993,3.1847134,1,0,0
"OK",1994,3.1847134,1,0,0
"OK",1995,3.8216562,1,0,0
"OK",1996,3.8216562,1,0,0
"OK",1997,3.8216562,1,0,0
"OK",1998,3.8216562,1,0,0
"OK",1999,3.8216562,1,0,0
"OK",2000,3.846154,1,0,0
"OK",2001,3.846154,1,0,0
"OK",2002,3.2051284,1,0,0
"OK",2003,3.2051284,1,0,0
"OK",2004,3.2051284,1,0,0
"OK",2005,3.2051284,1,0,0
"OK",2006,3.2051284,1,0,0
"OK",2007,3.846154,1,0,0
"OK",2008,3.846154,1,0,0
"OK",2009,3.846154,1,0,0
"OK",2010,3.846154,1,0,0
"OR",1970,0,0,0,0
"OR",1971,0,0,0,0
"OR",1972,0,0,0,0
"OR",1973,1.0416667,0,0,0
"OR",1974,1.0416667,0,0,0
"OR",1975,1.0416667,0,0,0
"OR",1976,1.0416667,0,0,0
"OR",1977,1.0416667,0,0,0
"OR",1978,1.0416667,0,0,0
"OR",1979,1.0416667,0,0,0
"OR",1980,1.0309278,0,0,0
"OR",1981,1.0309278,0,0,0
"OR",1982,1.0309278,0,0,0
"OR",1983,2.0618556,0,0,0
"OR",1984,2.0618556,0,0,0
"OR",1985,3.0927835,0,0,0
"OR",1986,3.0927835,0,0,0
"OR",1987,3.0927835,0,0,0
"OR",1988,3.0927835,0,0,0
"OR",1989,3.0927835,0,0,0
"OR",1990,3.0927835,0,0,0
"OR",1991,3.0927835,0,0,0
"OR",1992,4.1237111,1,0,0
"OR",1993,3.0927835,1,0,0
"OR",1994,3.0927835,1,0,0
"OR",1995,3.0927835,1,0,0
"OR",1996,3.0927835,1,0,0
"OR",1997,3.0927835,1,0,0
"OR",1998,3.0927835,1,0,0
"OR",1999,3.0927835,1,0,0
"OR",2000,3.0927835,1,0,0
"OR",2001,3.0927835,1,0,0
"OR",2002,5.1546392,1,0,0
"OR",2003,3.0927835,1,0,0
"OR",2004,3.0927835,1,0,0
"OR",2005,3.0927835,1,0,0
"OR",2006,3.0927835,1,0,0
"OR",2007,3.0927835,1,0,0
"OR",2008,3.0927835,1,0,0
"OR",2009,2.0618556,1,0,0
"OR",2010,2.0618556,1,0,0
"PA",1970,4.2857146,0,0,0
"PA",1971,4.2857146,0,0,0
"PA",1972,4.2857146,0,0,0
"PA",1973,4.6428571,0,0,0
"PA",1974,5,0,0,0
"PA",1975,5.3571429,0,0,0
"PA",1976,4.6428571,0,0,0
"PA",1977,5.7142859,0,0,0
"PA",1978,5.7142859,0,0,0
"PA",1979,6.0714288,0,0,0
"PA",1980,6.115108,0,0,0
"PA",1981,6.115108,0,0,0
"PA",1982,5.7553959,0,0,0
"PA",1983,7.1942449,0,0,0
"PA",1984,6.8345323,0,0,0
"PA",1985,6.8345323,0,0,0
"PA",1986,6.8345323,0,0,0
"PA",1987,6.8345323,0,0,0
"PA",1988,6.115108,0,0,0
"PA",1989,6.8345323,0,0,0
"PA",1990,6.884058,0,0,0
"PA",1991,6.884058,0,0,0
"PA",1992,6.521739,1,0,0
"PA",1993,6.521739,1,0,0
"PA",1994,6.521739,1,0,0
"PA",1995,6.884058,1,0,0
"PA",1996,6.884058,1,0,0
"PA",1997,6.884058,1,0,0
"PA",1998,6.884058,1,0,0
"PA",1999,6.884058,1,0,0
"PA",2000,6.9343066,1,0,0
"PA",2001,6.9343066,1,0,0
"PA",2002,5.839416,1,0,0
"PA",2003,6.9343066,1,0,0
"PA",2004,6.9343066,1,0,0
"PA",2005,6.9343066,1,0,0
"PA",2006,7.2992697,1,0,0
"PA",2007,7.6642332,1,0,0
"PA",2008,7.6642332,1,0,0
"PA",2009,7.6642332,1,0,0
"PA",2010,7.6923079,1,0,0
"RI",1970,0.64935064,0,0,0
"RI",1971,0.64935064,0,0,0
"RI",1972,0.64935064,0,0,0
"RI",1973,0.64935064,0,0,0
"RI",1974,0.64935064,0,0,0
"RI",1975,0.64935064,0,0,0
"RI",1976,0.64935064,0,0,0
"RI",1977,0.64935064,0,0,0
"RI",1978,0.64935064,0,0,0
"RI",1979,0.64935064,0,0,0
"RI",1980,0.64935064,0,0,0
"RI",1981,1.2987013,0,0,0
"RI",1982,1.2987013,0,0,0
"RI",1983,2.5974026,0,0,0
"RI",1984,2.5974026,0,0,0
"RI",1985,2.5974026,0,0,0
"RI",1986,2.5974026,0,0,0
"RI",1987,3.8961039,0,0,0
"RI",1988,3.8961039,0,0,0
"RI",1989,3.8961039,0,0,0
"RI",1990,3.8961039,0,0,0
"RI",1991,5.1948051,0,0,0
"RI",1992,5.1948051,1,0,0
"RI",1993,5.8441558,1,0,0
"RI",1994,5.8441558,1,0,0
"RI",1995,6.8376074,1,0,0
"RI",1996,6.8376074,1,0,0
"RI",1997,7.6923079,1,0,0
"RI",1998,7.6923079,1,0,0
"RI",1999,7.6923079,1,0,0
"RI",2000,7.6923079,1,0,0
"RI",2001,5.9829059,1,0,0
"RI",2002,11.965812,1,0,0
"RI",2003,4.2735043,1,0,0
"RI",2004,4.2735043,1,0,0
"RI",2005,3.4188037,1,0,0
"RI",2006,3.4188037,1,0,0
"RI",2007,3.4188037,1,0,0
"RI",2008,3.4188037,1,0,0
"RI",2009,3.4188037,1,0,0
"RI",2010,3.4188037,1,0,0
"SC",1970,0,0,1,0
"SC",1971,1.6853932,0,1,0
"SC",1972,1.6853932,0,1,0
"SC",1973,2.247191,0,1,0
"SC",1974,1.6853932,0,1,0
"SC",1975,7.3033705,0,1,0
"SC",1976,7.3033705,0,1,0
"SC",1977,7.3033705,0,1,0
"SC",1978,7.3033705,0,1,0
"SC",1979,7.3033705,0,1,0
"SC",1980,7.865169,0,1,0
"SC",1981,8.4269667,0,1,0
"SC",1982,8.4269667,0,1,0
"SC",1983,11.235955,0,1,0
"SC",1984,11.797753,0,1,0
"SC",1985,11.235955,0,1,0
"SC",1986,11.235955,0,1,0
"SC",1987,11.235955,0,1,0
"SC",1988,10.674157,0,1,0
"SC",1989,11.797753,0,1,0
"SC",1990,11.797753,0,1,0
"SC",1991,11.797753,0,1,0
"SC",1992,12.35955,1,1,1
"SC",1993,14.606741,1,1,1
"SC",1994,14.606741,1,1,1
"SC",1995,17.977528,1,1,1
"SC",1996,17.977528,1,1,1
"SC",1997,19.662922,1,1,1
"SC",1998,19.101124,1,1,1
"SC",1999,19.101124,1,1,1
"SC",2000,19.101124,1,1,1
"SC",2001,17.977528,1,1,1
"SC",2002,15.730338,1,1,1
"SC",2003,18.539326,1,1,1
"SC",2004,18.539326,1,1,1
"SC",2005,19.101124,1,1,1
"SC",2006,19.101124,1,1,1
"SC",2007,20.786516,1,1,1
"SC",2008,20.786516,1,1,1
"SC",2009,21.910112,1,1,1
"SC",2010,21.787708,1,1,1
"SD",1970,0,0,0,0
"SD",1971,0,0,0,0
"SD",1972,0,0,0,0
"SD",1973,0,0,0,0
"SD",1974,0,0,0,0
"SD",1975,0,0,0,0
"SD",1976,0,0,0,0
"SD",1977,0,0,0,0
"SD",1978,0,0,0,0
"SD",1979,0,0,0,0
"SD",1980,0,0,0,0
"SD",1981,0,0,0,0
"SD",1982,0,0,0,0
"SD",1983,0,0,0,0
"SD",1984,0,0,0,0
"SD",1985,0,0,0,0
"SD",1986,0,0,0,0
"SD",1987,0,0,0,0
"SD",1988,0,0,0,0
"SD",1989,0,0,0,0
"SD",1990,0,0,0,0
"SD",1991,0,0,0,0
"SD",1992,0,1,0,0
"SD",1993,0.92592591,1,0,0
"SD",1994,0.92592591,1,0,0
"SD",1995,0.92592591,1,0,0
"SD",1996,0.92592591,1,0,0
"SD",1997,0,1,0,0
"SD",1998,0,1,0,0
"SD",1999,0,1,0,0
"SD",2000,0,1,0,0
"SD",2001,0,1,0,0
"SD",2002,0,1,0,0
"SD",2003,0,1,0,0
"SD",2004,0,1,0,0
"SD",2005,0,1,0,0
"SD",2006,0,1,0,0
"SD",2007,0,1,0,0
"SD",2008,0,1,0,0
"SD",2009,0,1,0,0
"SD",2010,0,1,0,0
"TN",1970,5.6338029,0,0,0
"TN",1971,5.6338029,0,0,0
"TN",1972,5.6338029,0,0,0
"TN",1973,6.338028,0,0,0
"TN",1974,6.338028,0,0,0
"TN",1975,8.4507036,0,0,0
"TN",1976,8.4507036,0,0,0
"TN",1977,8.4507036,0,0,0
"TN",1978,8.4507036,0,0,0
"TN",1979,9.1549292,0,0,0
"TN",1980,9.090909,0,0,0
"TN",1981,9.7902098,0,0,0
"TN",1982,9.7902098,0,0,0
"TN",1983,9.7902098,0,0,0
"TN",1984,9.7902098,0,0,0
"TN",1985,9.7902098,0,0,0
"TN",1986,9.7902098,0,0,0
"TN",1987,9.7902098,0,0,0
"TN",1988,9.7902098,0,0,0
"TN",1989,9.7902098,0,0,0
"TN",1990,9.7902098,0,0,0
"TN",1991,9.7902098,0,0,0
"TN",1992,9.7902098,1,0,0
"TN",1993,11.188811,1,0,0
"TN",1994,11.188811,1,0,0
"TN",1995,11.888112,1,0,0
"TN",1996,11.888112,1,0,0
"TN",1997,11.888112,1,0,0
"TN",1998,11.888112,1,0,0
"TN",1999,11.888112,1,0,0
"TN",2000,11.888112,1,0,0
"TN",2001,12.587413,1,0,0
"TN",2002,9.7902098,1,0,0
"TN",2003,13.286713,1,0,0
"TN",2004,13.286713,1,0,0
"TN",2005,13.286713,1,0,0
"TN",2006,13.986013,1,0,0
"TN",2007,13.286713,1,0,0
"TN",2008,13.286713,1,0,0
"TN",2009,12.587413,1,0,0
"TN",2010,12.587413,1,0,0
"TX",1970,1.4492754,0,1,0
"TX",1971,1.4492754,0,1,0
"TX",1972,1.4492754,0,1,0
"TX",1973,4.347826,0,1,0
"TX",1974,4.347826,0,1,0
"TX",1975,4.8309178,0,1,0
"TX",1976,4.8309178,0,1,0
"TX",1977,6.7632847,0,1,0
"TX",1978,6.7632847,0,1,0
"TX",1979,7.2463765,0,1,0
"TX",1980,6.666667,0,1,0
"TX",1981,6.666667,0,1,0
"TX",1982,6.666667,0,1,0
"TX",1983,6.666667,0,1,0
"TX",1984,6.666667,0,1,0
"TX",1985,7.1428576,0,1,0
"TX",1986,7.1428576,0,1,0
"TX",1987,7.6190481,0,1,0
"TX",1988,7.6190481,0,1,0
"TX",1989,7.6190481,0,1,0
"TX",1990,7.042254,0,1,0
"TX",1991,7.5117373,0,1,0
"TX",1992,7.5117373,1,1,1
"TX",1993,8.4507036,1,1,1
"TX",1994,8.4507036,1,1,1
"TX",1995,8.4507036,1,1,1
"TX",1996,8.4507036,1,1,1
"TX",1997,8.4507036,1,1,1
"TX",1998,8.4507036,1,1,1
"TX",1999,8.4507036,1,1,1
"TX",2000,8.3720932,1,1,1
"TX",2001,8.3720932,1,1,1
"TX",2002,9.3023252,1,1,1
"TX",2003,8.3720932,1,1,1
"TX",2004,8.3720932,1,1,1
"TX",2005,8.8372097,1,1,1
"TX",2006,8.8372097,1,1,1
"TX",2007,8.8372097,1,1,1
"TX",2008,8.8372097,1,1,1
"TX",2009,8.8372097,1,1,1
"TX",2010,8.6757984,1,1,1
"UT",1970,0,0,0,0
"UT",1971,0,0,0,0
"UT",1972,0,0,0,0
"UT",1973,0,0,0,0
"UT",1974,0,0,0,0
"UT",1975,0,0,0,0
"UT",1976,0,0,0,0
"UT",1977,0.92592591,0,0,0
"UT",1978,0.92592591,0,0,0
"UT",1979,0,0,0,0
"UT",1980,0,0,0,0
"UT",1981,0.91743118,0,0,0
"UT",1982,0.91743118,0,0,0
"UT",1983,0.91743118,0,0,0
"UT",1984,0.91743118,0,0,0
"UT",1985,0.91743118,0,0,0
"UT",1986,0.91743118,0,0,0
"UT",1987,0,0,0,0
"UT",1988,0,0,0,0
"UT",1989,0,0,0,0
"UT",1990,0,0,0,0
"UT",1991,0,0,0,0
"UT",1992,0,1,0,0
"UT",1993,0,1,0,0
"UT",1994,0,1,0,0
"UT",1995,0,1,0,0
"UT",1996,0,1,0,0
"UT",1997,0.91743118,1,0,0
"UT",1998,0.91743118,1,0,0
"UT",1999,0.91743118,1,0,0
"UT",2000,0.91743118,1,0,0
"UT",2001,0.91743118,1,0,0
"UT",2002,0.91743118,1,0,0
"UT",2003,1.8348624,1,0,0
"UT",2004,1.8348624,1,0,0
"UT",2005,0.91743118,1,0,0
"UT",2006,0.91743118,1,0,0
"UT",2007,0,1,0,0
"UT",2008,0,1,0,0
"UT",2009,0,1,0,0
"UT",2010,0,1,0,0
"VT",1970,0,0,0,0
"VT",1971,0,0,0,0
"VT",1972,0,0,0,0
"VT",1973,0,0,0,0
"VT",1974,0,0,0,0
"VT",1975,0,0,0,0
"VT",1976,0,0,0,0
"VT",1977,0,0,0,0
"VT",1978,0,0,0,0
"VT",1979,0,0,0,0
"VT",1980,0,0,0,0
"VT",1981,0,0,0,0
"VT",1982,0,0,0,0
"VT",1983,0,0,0,0
"VT",1984,0.54644805,0,0,0
"VT",1985,0.54644805,0,0,0
"VT",1986,0.54644805,0,0,0
"VT",1987,0.54644805,0,0,0
"VT",1988,0.54644805,0,0,0
"VT",1989,1.0928961,0,0,0
"VT",1990,1.0928961,0,0,0
"VT",1991,1.0928961,0,0,0
"VT",1992,1.0928961,1,0,0
"VT",1993,1.0928961,1,0,0
"VT",1994,1.0928961,1,0,0
"VT",1995,0.54644805,1,0,0
"VT",1996,0.54644805,1,0,0
"VT",1997,0.54644805,1,0,0
"VT",1998,0.54644805,1,0,0
"VT",1999,0.54644805,1,0,0
"VT",2000,0.54644805,1,0,0
"VT",2001,0.54644805,1,0,0
"VT",2002,1.6393442,1,0,0
"VT",2003,0.54644805,1,0,0
"VT",2004,0.54644805,1,0,0
"VT",2005,0.54644805,1,0,0
"VT",2006,0.54644805,1,0,0
"VT",2007,0,1,0,0
"VT",2008,0,1,0,0
"VT",2009,0.54644805,1,0,0
"VT",2010,0.54644805,1,0,0
"VA",1970,1.9736841,0,1,0
"VA",1971,1.9736841,0,1,0
"VA",1972,1.9736841,0,1,0
"VA",1973,1.9736841,0,1,0
"VA",1974,1.3157895,0,1,0
"VA",1975,1.3157895,0,1,0
"VA",1976,1.3157895,0,1,0
"VA",1977,1.3157895,0,1,0
"VA",1978,3.2894738,0,1,0
"VA",1979,3.2894738,0,1,0
"VA",1980,3.2894738,0,1,0
"VA",1981,3.2894738,0,1,0
"VA",1982,3.2894738,0,1,0
"VA",1983,3.9473681,0,1,0
"VA",1984,4.6052632,0,1,0
"VA",1985,4.6052632,0,1,0
"VA",1986,5.9210529,0,1,0
"VA",1987,5.9210529,0,1,0
"VA",1988,6.5789475,0,1,0
"VA",1989,6.5789475,0,1,0
"VA",1990,6.5359483,0,1,0
"VA",1991,6.5359483,0,1,0
"VA",1992,7.8431377,1,1,1
"VA",1993,8.4967327,1,1,1
"VA",1994,9.1503267,1,1,1
"VA",1995,9.8039217,1,1,1
"VA",1996,10.457517,1,1,1
"VA",1997,10.457517,1,1,1
"VA",1998,10.457517,1,1,1
"VA",1999,10.457517,1,1,1
"VA",2000,10.457517,1,1,1
"VA",2001,10.457517,1,1,1
"VA",2002,7.1895428,1,1,1
"VA",2003,10.457517,1,1,1
"VA",2004,11.111112,1,1,1
"VA",2005,11.111112,1,1,1
"VA",2006,11.764706,1,1,1
"VA",2007,11.764706,1,1,1
"VA",2008,11.111112,1,1,1
"VA",2009,11.764706,1,1,1
"VA",2010,12.418301,1,1,1
"WA",1970,0.63694268,0,0,0
"WA",1971,1.9108281,0,0,0
"WA",1972,1.9108281,0,0,0
"WA",1973,1.2820513,0,0,0
"WA",1974,1.2820513,0,0,0
"WA",1975,1.2820513,0,0,0
"WA",1976,1.2820513,0,0,0
"WA",1977,1.2820513,0,0,0
"WA",1978,1.2820513,0,0,0
"WA",1979,1.2820513,0,0,0
"WA",1980,1.2738854,0,0,0
"WA",1981,1.2738854,0,0,0
"WA",1982,1.2738854,0,0,0
"WA",1983,1.2738854,0,0,0
"WA",1984,1.2738854,0,0,0
"WA",1985,1.9108281,0,0,0
"WA",1986,1.9108281,0,0,0
"WA",1987,1.9108281,0,0,0
"WA",1988,1.9108281,0,0,0
"WA",1989,1.9108281,0,0,0
"WA",1990,1.8987341,0,0,0
"WA",1991,1.2658228,0,0,0
"WA",1992,1.2658228,1,0,0
"WA",1993,1.2658228,1,0,0
"WA",1994,1.2658228,1,0,0
"WA",1995,1.2658228,1,0,0
"WA",1996,1.2658228,1,0,0
"WA",1997,1.2658228,1,0,0
"WA",1998,1.2658228,1,0,0
"WA",1999,1.2658228,1,0,0
"WA",2000,1.2658228,1,0,0
"WA",2001,1.2658228,1,0,0
"WA",2002,1.2658228,1,0,0
"WA",2003,1.8987341,1,0,0
"WA",2004,1.8987341,1,0,0
"WA",2005,1.8987341,1,0,0
"WA",2006,1.8987341,1,0,0
"WA",2007,1.8987341,1,0,0
"WA",2008,1.2658228,1,0,0
"WA",2009,1.2658228,1,0,0
"WA",2010,1.2578616,1,0,0
"WV",1970,0,0,0,0
"WV",1971,0.71428573,0,0,0
"WV",1972,0.71428573,0,0,0
"WV",1973,0.71428573,0,0,0
"WV",1974,0.71428573,0,0,0
"WV",1975,0.71428573,0,0,0
"WV",1976,0.71428573,0,0,0
"WV",1977,0.71428573,0,0,0
"WV",1978,0.71428573,0,0,0
"WV",1979,0.71428573,0,0,0
"WV",1980,0.71428573,0,0,0
"WV",1981,1.4285715,0,0,0
"WV",1982,1.4285715,0,0,0
"WV",1983,0.71428573,0,0,0
"WV",1984,0.71428573,0,0,0
"WV",1985,0.71428573,0,0,0
"WV",1986,0.71428573,0,0,0
"WV",1987,0.71428573,0,0,0
"WV",1988,0.71428573,0,0,0
"WV",1989,0.71428573,0,0,0
"WV",1990,0.71942449,0,0,0
"WV",1991,1.438849,0,0,0
"WV",1992,1.438849,1,0,0
"WV",1993,0.71942449,1,0,0
"WV",1994,0.71942449,1,0,0
"WV",1995,2.1582735,1,0,0
"WV",1996,2.1582735,1,0,0
"WV",1997,1.438849,1,0,0
"WV",1998,1.438849,1,0,0
"WV",1999,2.8776979,1,0,0
"WV",2000,2.8776979,1,0,0
"WV",2001,1.438849,1,0,0
"WV",2002,1.438849,1,0,0
"WV",2003,0,1,0,0
"WV",2004,0,1,0,0
"WV",2005,1.438849,1,0,0
"WV",2006,1.438849,1,0,0
"WV",2007,1.438849,1,0,0
"WV",2008,1.438849,1,0,0
"WV",2009,1.438849,1,0,0
"WV",2010,1.438849,1,0,0
"WI",1970,0.69444448,0,0,0
"WI",1971,0.69444448,0,0,0
"WI",1972,0.69444448,0,0,0
"WI",1973,2.0979021,0,0,0
"WI",1974,2.0979021,0,0,0
"WI",1975,2.0979021,0,0,0
"WI",1976,2.0979021,0,0,0
"WI",1977,2.0979021,0,0,0
"WI",1978,2.0979021,0,0,0
"WI",1979,2.0979021,0,0,0
"WI",1980,2.0979021,0,0,0
"WI",1981,2.0979021,0,0,0
"WI",1982,1.3986014,0,0,0
"WI",1983,2.7972028,0,0,0
"WI",1984,2.7972028,0,0,0
"WI",1985,2.7972028,0,0,0
"WI",1986,2.7972028,0,0,0
"WI",1987,2.7972028,0,0,0
"WI",1988,2.7972028,0,0,0
"WI",1989,3.4965034,0,0,0
"WI",1990,3.4965034,0,0,0
"WI",1991,4.1958041,0,0,0
"WI",1992,4.1958041,1,0,0
"WI",1993,5.5944057,1,0,0
"WI",1994,5.5944057,1,0,0
"WI",1995,5.5944057,1,0,0
"WI",1996,5.5944057,1,0,0
"WI",1997,5.5944057,1,0,0
"WI",1998,5.5944057,1,0,0
"WI",1999,5.5944057,1,0,0
"WI",2000,5.6338029,1,0,0
"WI",2001,5.6338029,1,0,0
"WI",2002,4.2253518,1,0,0
"WI",2003,5.6338029,1,0,0
"WI",2004,5.6338029,1,0,0
"WI",2005,6.338028,1,0,0
"WI",2006,6.338028,1,0,0
"WI",2007,6.338028,1,0,0
"WI",2008,6.338028,1,0,0
"WI",2009,6.338028,1,0,0
"WI",2010,6.338028,1,0,0
"WY",1970,0,0,0,0
"WY",1971,0,0,0,0
"WY",1972,0,0,0,0
"WY",1973,0,0,0,0
"WY",1974,0,0,0,0
"WY",1975,0,0,0,0
"WY",1976,0,0,0,0
"WY",1977,0,0,0,0
"WY",1978,0,0,0,0
"WY",1979,0,0,0,0
"WY",1980,0,0,0,0
"WY",1981,0,0,0,0
"WY",1982,0,0,0,0
"WY",1983,1.0309278,0,0,0
"WY",1984,1.0309278,0,0,0
"WY",1985,1.0309278,0,0,0
"WY",1986,1.0309278,0,0,0
"WY",1987,1.0309278,0,0,0
"WY",1988,1.0309278,0,0,0
"WY",1989,1.0309278,0,0,0
"WY",1990,1.0309278,0,0,0
"WY",1991,1.0309278,0,0,0
"WY",1992,1.0309278,1,0,0
"WY",1993,0,1,0,0
"WY",1994,0,1,0,0
"WY",1995,0,1,0,0
"WY",1996,0,1,0,0
"WY",1997,0,1,0,0
"WY",1998,0,1,0,0
"WY",1999,0,1,0,0
"WY",2000,0,1,0,0
"WY",2001,0,1,0,0
"WY",2002,0,1,0,0
"WY",2003,0,1,0,0
"WY",2004,0,1,0,0
"WY",2005,0,1,0,0
"WY",2006,0,1,0,0
"WY",2007,0,1,0,0
"WY",2008,0,1,0,0
"WY",2009,1.0752689,1,0,0
"WY",2010,1.0752689,1,0,0
